Trading Day,AAPL,BNTX,BRK-B,CSCO,IYK
1,72.36203003,30.19999695,221.6900024,37.67144394,40.36744308
2,69.91098022,33.00286865,218.0500031,36.59266281,39.35474014
3,71.02001953,33.30881882,216.0599976,36.09609604,39.10082626
4,66.37757874,33.43712234,207.6699982,34.28100204,37.37714767
5,66.33872986,34.6411705,206.3399963,34.1868248,36.89618683
6,72.5149231,36.12156296,217.6300049,35.24848175,38.56010818
7,70.2118988,37.97698975,208.8099976,34.28100204,38.10305023
8,73.46863556,38.67770767,217.8600006,35.43683624,39.7221756
9,71.08554077,36.63476563,208.9600067,33.8786087,38.63180923
10,70.14151764,37.59208679,205.9799957,33.97278595,38.06721115
11,64.59388733,33.04234695,193.1300049,32.50017548,35.65645981
12,69.24602509,33.51607513,202.7299957,34.31526184,37.02762604
13,66.84108734,31.74947166,194.6399994,31.72106552,35.21432877
14,60.24020386,28.17679405,175.9700012,28.42481232,31.67139244
15,67.45750427,30.52568245,196.3999939,32.22620392,33.87602234
16,58.77930069,39.47711945,177.7700043,28.86146355,30.74832344
17,61.36381912,65.72940063,187.6000061,30.39399719,32.54069519
18,59.8616333,90.79737854,172.4400024,31.78099442,30.37789917
19,59.40297318,58.52482986,174.6799927,32.28612518,30.62882233
20,55.63175201,45.89215088,170.0599976,30.47961426,28.80955887
21,54.44989395,50.6392746,162.1300049,29.62344742,27.9044075
22,59.91260529,52.93881607,178.1999969,33.04812241,30.17773438
23,59.58256149,46.58300018,180.4700012,32.25188828,30.8345871
24,62.71796036,54.28104019,183.8999939,34.74333954,32.48117065
25,60.12129974,54.28104019,179.6600037,33.23647308,32.16567993
26,61.83705139,61.18953705,183.1799927,34.52074051,33.12719727
27,61.71083832,57.63659668,182.8300018,33.65600586,32.5112114
28,58.46380234,52.22822571,175.9499969,32.8169632,31.45655823
29,59.43938065,56.16607285,179.7299957,34.39860153,32.06351852
30,58.58514786,52.06045151,178.3399963,33.75903702,32.19571304
31,63.69597244,52.04071045,185.2400055,35.80738831,33.68907928
32,62.95821762,45.00391388,185.25,35.1246109,33.71912003
33,64.5696106,44.36241531,191.0099945,36.0753212,34.49434662
34,65.03555298,44.81639862,193.8399963,35.60860825,35.01416397
35,66.31204987,41.1647644,188.7700043,35.62589645,34.66861725
36,69.661026,41.08581161,192.9400024,36.97418213,36.08084869
37,69.02519226,38.07568359,188.5700073,35.88517761,35.50092316
38,69.57365417,38.2829361,187.9600067,35.86789703,35.60008621
39,68.62963104,40.27653122,191.1999969,36.71488953,36.40235138
40,67.20509338,42.80306625,188.75,36.76676178,35.69623947
41,65.12776947,41.70757675,183.4799957,35.04681778,34.67762756
42,67.003685,52.80064774,186.5800018,36.09260559,35.10730362
43,66.7440033,49.3463974,185.6300049,35.97161102,34.93002701
44,68.67088318,47.12581253,186.5200043,36.74946594,35.36270905
45,68.71941376,48.75424576,187.4600067,37.21618271,35.97567749
46,67.60552216,45.23091125,187.1199951,36.72354126,36.22806931
47,69.82602692,48.60620499,189.6100006,37.4581871,36.45342255
48,71.29911041,46.85934067,187.3600006,36.62846375,35.95164108
49,70.15122986,44.52032089,182.6699982,35.36660385,35.11933517
50,71.1437912,45.18156052,177.9499969,35.73825836,35.1373558
51,72.21157074,49.3463974,176.0299988,35.83332062,35.30862045
52,72.956604,47.1554184,172.3800049,35.56539154,35.09228516
53,73.71131134,48.67528915,173.4799957,35.75553513,35.14937973
54,75.46580505,48.59633636,176.8300018,37.1556778,36.17098999
55,76.65323639,49.32666016,174.6399994,37.44089508,36.01174164
56,75.77726746,48.68515778,172.8099976,37.35446548,35.52797699
57,74.86231995,47.85614014,170.5700073,36.25682831,34.97209549
58,75.32221985,48.02391434,170.9299927,37.89896393,35.00514603
59,74.87689972,48.84306717,169.25,38.26197052,35.32666016
60,76.64109039,59.38345337,175.4600067,38.94475174,36.23707962
61,76.19822693,49.92868805,172.4900055,38.55582428,35.81642914
62,77.68013,52.34666061,176.0200043,39.27317429,36.28516769
63,77.10098267,51.22156525,174.9400024,38.58174896,36.11088562
64,77.59741974,50.36293411,174.9299927,38.80646515,36.22507477
65,77.07180786,50.21489716,180.3399963,38.75460052,36.66375732
66,77.40759277,46.96790314,185.7700043,39.72261047,37.4329834
67,77.44165039,46.25731277,185.1000061,39.41145706,37.39090347
68,77.36621857,48.88254166,185.5800018,41.33017731,37.4389801
69,78.31767273,51.61633301,183.8399963,40.01646805,38.01888657
70,78.68024445,51.69528961,185.9400024,40.52639771,38.16612244
71,79.11338806,50.49123383,190.8200073,40.5696106,38.58979797
72,78.43202972,49.3463974,192.0500031,40.50046539,38.32538223
73,80.6658783,48.537117,200.6600037,41.33883286,39.12764359
74,81.14281464,48.14234543,201.5599976,41.59811783,39.79769516
75,83.7051239,47.16529083,196.0700073,41.52897644,39.27487564
76,85.85865021,46.7902565,191.5099945,40.98445511,39.34999466
77,81.73654175,47.96469879,178.0200043,37.74339294,37.39992142
78,82.4422226,47.94496155,181.2100067,38.95339203,37.55016327
79,83.46179199,50.18528748,181.5500031,39.19539261,38.1906395
80,85.67372894,49.24770737,182.3000031,40.17203522,38.79071045
81,85.55448151,50.18528748,180.8600006,39.90410995,38.70929718
82,85.58855438,50.27410889,180.7299957,39.6102562,38.85403824
83,85.0994339,50.68862152,179.7200012,39.1694603,38.5464592
84,87.32595825,56.69901276,180.1699982,39.03117752,38.49520493
85,89.18991852,52.06045151,181.0099945,39.29911423,38.55852127
86,87.61555481,54.01456833,177.5299988,38.67682266,37.72927475
87,88.77869415,58.92947006,178.8500061,39.08304214,38.04288101
88,86.05089569,61.31783676,175.3699951,40.02511215,37.17443848
89,88.03407288,64.93986511,177.1900024,39.88683701,37.93432617
90,88.76894379,65.86756897,178.5099945,40.31032562,38.4620285
91,88.60105133,63.30155945,177.9900055,39.80904007,38.58867645
92,88.60105133,62.44293594,178.8300018,39.74806595,38.98671341
93,90.97116089,64.65365601,182.7200012,40.43622971,39.67121887
94,90.68888855,68.43358612,181.1499939,39.74806595,39.65312576
95,92.80102539,66.67684937,181.1999969,39.90486145,39.71947479
96,93.2000885,64.75234222,178.8000031,40.68013382,39.26715088
97,93.36313629,69.44025421,182.8999939,40.64528656,40.34667969
98,92.93244934,76.76325989,184.1300049,40.00938797,40.06624603
99,94.47032928,82.78351593,189.7100067,40.29685211,40.6844101
100,95.12004089,76.98038483,190.5599976,40.4188118,41.05531311
101,93.94958496,74.87822723,191.0099945,39.8787384,41.04325104
102,93.75978088,84.13561249,190.7599945,40.72368622,41.13673782
103,95.73566437,87.04704285,190.4799957,40.91533279,41.20608521
104,94.41435242,90.40260315,192.2700043,40.95888519,41.33573914
105,94.67956543,102.8082886,192.1000061,40.85436249,41.76996613
106,90.37011719,87.35299683,193.25,41.2986145,41.67951584
107,90.14622498,83.06972504,194.5200043,40.4188118,41.40510559
108,92.2827301,85.39888,192.1399994,41.10697174,42.02628708
109,90.76675415,84.26390839,194.1199951,40.31427383,41.83028793
110,92.50660706,81.42156219,196.4100037,40.6888504,42.16498947
111,93.62593079,83.05986023,194.3000031,40.4536438,42.02025223
112,103.4275131,81.03665924,195.7799988,41.02856827,41.85742569
113,106.0336533,84.35273743,199.2599945,41.08083725,42.03231812
114,106.741745,82.08280182,200.2400055,41.52509689,42.35196304
115,107.1286697,80.23725128,203.6199951,41.22893524,42.54193497
116,110.8662796,76.07241058,205.0200043,41.61220551,42.49066925
117,108.3456726,75.99345398,209.4799957,41.31602859,42.52986526
118,109.9204559,72.98332214,212.5800018,41.57736206,42.81633377
119,106.6514435,67.55521393,212.6600037,41.10697174,42.46051407
120,110.1959229,68.20659637,213.2400055,41.89966965,43.44053268
121,112.1461105,70.07188416,211.9799957,37.21318054,43.57019043
122,112.0461655,67.74273682,210.9600067,37.02153778,43.56718063
123,111.7536087,69.34156036,206.7799988,36.66439056,44.21248627
124,112.6848526,66.99266815,208.3300018,36.56856537,44.52307892
125,112.8262405,64.74247742,207.2100067,36.47274017,44.29088211
126,115.3298187,65.40371704,206.1199951,36.8560257,44.55322647
127,121.2730255,72.06547546,207.4299927,36.80376053,44.76130295
128,122.7234802,69.92384338,212.6100006,36.74278641,45.19853973
129,121.7166901,69.56855011,213.3500061,36.55115128,45.09601212
130,123.371933,67.01241302,214.6600037,36.80376053,45.49707413
131,121.8970947,64.73260498,216.8699951,36.83859253,45.72624207
132,121.699646,63.16339111,218.5500031,36.76021576,45.94937897
133,125.8267441,60.44934082,218.0399933,36.77762985,46.44693375
134,130.8387604,57.05430984,218.5500031,36.61211777,46.20871353
135,128.1279907,61.17966843,221.6799927,36.95183945,46.61581039
136,117.8699417,58.50508881,218.1499939,35.67133713,45.20457077
137,117.9479599,57.80437088,218.3200073,35.55810165,45.14426041
138,110.010643,59.04790497,217.8000031,34.84380722,43.42243195
139,114.3985672,61.50535202,219.6300049,34.95703506,44.48085785
140,110.6639633,60.3999939,217.8000031,34.46922302,44.26676559
141,109.2110519,64.27861786,217.9299927,34.73926926,44.49291611
142,112.4873886,66.59790039,219.9400024,35.16610718,45.46088791
143,112.6629257,66.04521942,218.9400024,35.36645126,45.84082413
144,109.337822,65.17672729,219.5899963,35.20964813,45.56642532
145,107.5923996,65.90705109,218.0500031,35.16610718,44.98745346
146,104.1795578,66.12417603,218.2100067,34.67829132,44.9241333
147,107.3388672,65.2556839,213.0200043,34.00754547,44.49593735
148,109.0257874,66.17352295,214.1600037,34.25144958,44.56830215
149,104.4525833,62.99561691,209.6100006,33.34550858,43.65703201
150,105.5251923,62.00868607,208.7200012,32.97094345,43.90863419
151,109.4840851,65.81822968,210.4499969,33.49359894,44.38763046
152,112.0973511,65.63071442,213.5399933,34.08594131,45.10610199
153,111.2490082,65.98600769,210.4400024,34.02497482,44.81204605
154,112.9261856,68.32502747,212.9400024,34.31242752,45.27586746
155,113.8817749,71.75953674,212.0200043,34.11022949,45.88823318
156,110.2056503,72.73658752,211.1799927,33.64429474,45.33346939
157,113.5990143,79.6450882,212.3600006,33.90802765,45.78516388
158,110.3421707,84.47116089,210.2599945,33.90802765,45.26374054
159,112.2143707,85.10280609,213.2899933,34.63770676,46.10347366
160,112.1070938,86.80031586,215.1499939,34.98056793,46.38238144
161,114.0572968,87.87606812,215.6799927,35.03330994,46.8067894
162,121.3022766,87.57998657,216.4100037,35.48167038,47.31911087
163,118.084465,91.78430176,212.3099976,34.99814987,47.30092239
164,118.1722183,85.7245636,210.9100037,35.06847763,47.27667618
165,117.7041779,89.19854736,211.6499939,35.1388092,47.22211456
166,116.0562439,92.86005402,211.9100037,35.30583954,47.0583992
167,113.0919724,92.692276,208.9900055,34.54978943,46.43391418
168,114.583847,93.11665344,210.0599976,34.46188736,46.27627182
169,113.9597855,86.57332611,210.1799927,34.33880615,46.28233337
170,112.8676987,85.23110199,211.6100006,34.12781143,46.42784882
171,112.1753616,87.53064728,212.7100067,34.12781143,46.55516815
172,112.1851196,81.84593964,208.4900055,33.11680984,45.89430237
173,113.6965103,82.8526001,206.8800049,32.41351318,45.80031586
174,108.4309769,76.52639771,200.6999969,31.39372253,44.45735931
175,112.4483795,83.70136261,201.5099945,31.37613297,44.5179863
176,106.1492615,84.24417114,201.8999939,31.56075287,43.89349747
177,106.0615005,85.96142578,204.3099976,31.56075287,44.56042862
178,107.6899033,86.07985687,206.6300049,32.24648285,45.58205414
179,112.0875931,89.50450134,206.1699982,32.14977264,45.79123306
180,116.0660019,90.79737854,207.4499969,32.72999954,46.43694305
181,115.9341431,90.79737854,208.8500061,32.99373245,46.21260452
182,113.6191711,103.4300537,221.5,33.58275223,45.8852005
183,113.2772903,111.2860031,228.4799957,34.03990555,46.50060654
184,116.7155762,108.0192642,227.3699951,34.57616806,46.93108749
185,116.4420776,100.3014908,224.7200012,33.99593735,46.52789307
186,116.4908981,104.6143646,227.4199982,36.39596558,47.12207031
187,117.5067673,90.32364655,233.1000061,37.39817429,47.57073593
188,116.617897,85.79364777,233.1600037,36.8179512,47.97393036
189,115.2894516,89.25776672,230.0700073,36.32563019,48.05880356
190,115.8853073,93.68907166,229.5299988,36.19376755,48.35287094
191,114.6154861,102.7095947,227.0099945,36.01794815,48.13459396
192,111.2065201,105.1078339,229.5399933,36.60695648,48.71059418
193,112.4958725,100.538353,233.9199982,37.4597168,49.50787735
194,113.3358994,103.5879593,233.1300049,37.36301422,49.63824463
195,113.8828888,108.5522079,231.5500031,37.53883743,49.84438705
196,116.2857819,122.6159286,228.9100037,37.82015991,49.49272537
197,119.8705521,112.5196609,229.6799927,38.27730179,50.02627182
198,120.2222137,119.507103,230.4199982,38.58499527,49.53517151
199,120.0854492,117.1286163,231.0200043,38.77840805,50.0990181
200,119.4114914,118.4313583,231.3500061,39.01576996,50.56285095
201,120.8766632,124.0568466,229.2400055,38.98940277,51.14187241
202,121.4920425,126.4353485,228.1900024,39.0069809,51.32679749
203,118.9523926,121.2046204,227.5099945,39.28830338,50.62651443
204,120.3784866,127.8466415,227.3500061,38.96302032,50.79627609
205,119.5677719,125.6359329,226.3899994,38.96302032,50.51131821
206,118.9523926,106.8546906,222.8500061,38.8927002,50.84547043
207,124.9107437,109.7463913,224.3800049,39.31467819,51.10112381
208,124.8423767,104.3972397,221.9100037,39.31467819,51.09199142
209,125.7117233,105.0387421,224.6799927,39.40258789,51.91674042
210,123.7190933,102.8773727,223.4299927,39.94765091,52.12064362
211,125.252655,105.0683517,223.4900055,39.45533752,51.71588135
212,128.8178711,99.24547577,221.8800049,39.28830338,51.39632416
213,127.9192352,98.75201416,224.2400055,39.01576996,51.69152832
214,128.9058075,95.6925354,226.5299988,39.15643692,52.04455948
215,133.5162354,86.95822906,228.4100037,39.49050522,52.16021347
216,131.7384796,87.12599945,229.5700073,39.24434662,52.01413727
217,130.6151733,82.84273529,229.6499939,39.10367966,52.47975922
218,129.6090851,80.45436859,231.8699951,39.34104538,52.77495956
219,126.4052353,84.60933685,228.4499969,38.95996475,52.3458519
220,127.9680634,85.64560699,227.4700012,38.97768402,52.66540527
221,123.6604843,89.9683609,230.2700043,39.34991074,53.03974533
222,127.8802109,92.46528625,232.8800049,39.84621811,54.08970261
223,128.9839478,99.07769775,234.0299988,39.93484879,55.10315323
224,125.9852295,107.4764557,233.4299927,40.20071793,53.88275528
225,125.8094101,104.0715561,233.0299988,40.58181763,54.41534042
226,127.8508759,101.2686844,234.5099945,40.20071793,54.43056107
227,125.9168472,104.4663239,235.0200043,40.01460266,54.21752167
228,124.1879349,100.2620087,233.4900055,40.26275635,53.69406128
229,124.8619232,103.3313599,234.5500031,40.05006409,54.03187561
230,128.9644165,101.8805771,234.7599945,40.18299103,54.45794296
231,133.6920166,104.0518188,234.1600037,39.97916031,54.36056519
232,135.8409576,107.0224762,232.9199982,39.67782974,54.1962204
233,139.6015625,109.1641083,233.0099945,39.90825653,54.88098145
234,139.8359985,104.9005737,231.5700073,40.11210251,54.88098145
235,138.7615204,104.5847626,227.3600006,40.50205231,53.72449875
236,133.9069214,108.5620804,230.9499969,40.18299103,53.66363525
237,128.8960266,115.4113617,227.8699951,39.50944138,52.40671921
238,131.0254059,114.5823364,229.3200073,40.23616791,53.38972855
239,131.8556671,113.2598572,232.2400055,40.61727142,54.23883057
240,130.8300781,116.4772339,232.6799927,40.5640831,54.03187561
241,134.1999207,116.0232544,235.7700043,41.8757515,54.28448486
242,133.7841797,116.0331268,235.1600037,42.61135101,54.92662811
243,133.9309082,117.9378967,237.4199982,43.37353897,55.34965134
244,133.0504761,115.9936447,239.9100037,42.98357391,55.0848732
245,132.443985,117.789856,239.9199982,41.86688614,54.48838043
246,132.1896667,116.4871063,239.7599945,42.16822052,54.51272583
247,132.4244385,116.0232544,242.4600067,41.91119766,54.61620712
248,130.2918701,112.884819,245.2799988,41.21992111,54.14143753
249,127.9929962,112.0755386,245.25,40.98949051,54.15056992
250,126.8876038,111.1774368,243.5,41.06925964,54.12926483
251,127.0441208,114.1777039,241.8500061,40.48432541,53.71537018
252,123.2583237,113.101944,244.9700012,40.26275635,52.58932114
253,123.1213837,110.5063248,245.5299988,40.33366776,52.41281128
254,122.6224747,112.6775665,248.4499969,40.5375061,53.14929581
255,118.3573303,110.8616257,243.6900024,40.3425293,51.74022293
256,118.6214676,107.6047592,240.5099945,39.7664566,51.1619873
257,125.0093613,108.7693329,249.2100067,40.69701767,52.42498016
258,122.3974686,103.6077042,249.2200012,40.3425293,52.07499313
259,119.4040451,95.97874451,251.5500031,39.99688721,51.21372223
260,117.5160522,93.90619659,245.4799957,39.49171448,50.3372345
261,118.7779694,94.94246674,253.1499939,40.98949051,51.11328506
262,113.8280792,89.10972595,257.6099854,42.10617447,50.95503616
263,118.455162,95.21881866,259.019989,42.44295502,52.44020081
264,117.3693161,96.73867798,263.9899902,42.79746246,52.86322403
265,119.3062286,101.258812,260.9100037,43.24944687,53.37451553
266,118.3964691,101.929924,260.019989,43.2671814,53.4566803
267,121.2920456,106.4697876,254.6100006,43.79007721,54.05318451
268,122.8376846,106.6869125,251.5,44.020504,53.47190094
269,122.045311,105.2657394,252,43.79892731,53.99230957
270,117.9073334,102.2950897,252.4600067,43.24944687,52.97278214
271,117.3791046,106.1835785,250.9900055,43.40898132,53.05496216
272,120.7051239,105.6012955,250.3600006,44.57884216,53.5966835
273,119.8736267,98.80136108,248.3099976,44.32182693,53.17061615
274,117.4769135,92.82057953,249.6300049,44.00277328,52.47975922
275,117.9660339,93.88645935,250.75,44.76496124,52.94680405
276,118.5725403,94.50822449,256.769989,46.59065628,53.59395218
277,118.7486343,94.65626526,258.8200073,46.54634476,53.63973999
278,117.2910461,103.0747604,258.1900024,45.8816452,53.75879288
279,119.4921112,107.7626724,255.4700012,45.82847214,54.0274086
280,120.3236084,112.3814926,258.2000122,46.06776047,53.93584824
281,123.1605072,113.8618851,262.6600037,46.78184509,54.90044785
282,123.4637527,115.6186142,263.0599976,46.44265747,55.15381241
283,125.1169815,111.8386765,263.6199951,46.21058273,54.71118546
284,127.5234451,112.9933853,263.5100098,46.33554077,54.8729744
285,130.1060028,120.5433807,266.0100098,46.49621964,54.85466385
286,128.3843079,119.931488,267.9299927,46.03205109,55.39496613
287,131.5048981,127.945343,267.1000061,46.11238861,55.90169144
288,129.157135,130.8666534,267.5299988,45.85352707,55.44075775
289,131.5733643,138.8805084,269.1400146,46.09453964,55.87116623
290,131.2407684,149.5590668,272.1099854,47.12997437,56.20694733
291,131.9059448,147.5259857,270.2799988,47.17459488,55.48653793
292,130.213623,154.1384125,267.8900146,46.22843552,55.35222244
293,130.5951691,159.6849518,272.2099915,46.35339737,56.08178711
294,129.0690765,166.7414856,269.5100098,45.96957016,55.55370331
295,131.3973083,170.7385406,271.980011,46.33554077,55.86200714
296,131.7885742,172.3669739,270.8599854,46.09453964,55.7338028
297,131.4657745,170.5806274,273.6499939,45.85352707,55.39191818
298,130.6733704,173.4723358,272.9500122,45.62145996,55.17212296
299,130.5755463,177.3016052,277.6000061,45.93386459,55.21485519
300,128.5995178,185.8188019,274.9500122,45.44292831,55.53232956
301,129.6560059,206.1692505,279.1799927,45.67500305,55.52622223
302,125.0680771,174.5678253,280.2600098,45.2644043,55.07444382
303,125.3126221,168.5376892,282.7600098,45.63930511,55.18433762
304,126.916954,165.803894,289.7099915,46.80862808,55.54148865
305,127.5931015,181.308548,290.9299927,47.69231033,56.02379608
306,124.3006058,199.7048798,292.3299866,47.4513092,55.47127533
307,123.3795013,195.431488,285.6300049,47.1567421,54.90044785
308,120.3026047,183.6969147,282.9100037,46.05883789,53.61532211
309,122.4583893,178.4266968,286.8999939,46.85326385,53.95720673
310,124.8885193,190.2501068,290.6799927,47.21923828,54.65929794
311,123.732254,195.7078247,289.2200012,47.2549324,54.34182358
312,122.3408051,191.957489,287.5899963,47.24600983,54.0670929
313,122.184021,196.4776306,286.2200012,46.83540726,53.60921097
314,124.7513428,201.0471039,286.730011,47.17459488,54.35097885
315,122.9091492,193.1319427,287.7399902,46.79969788,54.29605103
316,124.5455856,192.342392,289.730011,47.65660858,54.81802368
317,124.3496017,194.9182739,287.2000122,47.58519745,54.81497574
318,124.3006058,199.7246094,287.3299866,47.22815323,55.31864929
319,122.7621536,195.1156616,289.2999878,47.23708344,55.45602417
320,122.1056061,201.333313,289.4400024,47.21923828,55.46211624
321,121.7822571,203.4453278,289.8399963,46.96930313,55.29729462
322,122.5465851,216.5319977,290.019989,47.27277756,55.04696655
323,121.0571289,212.4954681,291.9700012,47.60305405,54.90655518
324,123.3598938,230.2404175,292.519989,48.26358795,55.43465042
325,123.3697052,235.0368958,289.4599915,48.12969971,55.53843689
326,124.1928253,217.5682678,289.1900024,48.31714249,55.26981354
327,124.5749664,238.333252,288.5799866,48.21895218,54.86992645
328,123.5754776,236.6850739,284.9100037,49.12049866,55.00888062
329,124.7905579,235.4316711,286.8200073,48.88841629,55.19252777
330,127.8576126,217.696579,283.5299988,48.35285187,55.13743973
331,127.0345306,215.3180695,283.9400024,48.01365662,54.70892715
332,127.5342636,201.1852722,283.1099854,47.72802353,54.28347778
333,129.1413422,211.3999786,278.6900024,47.42452621,54.35080338
334,127.838089,209.6432343,274.0400085,46.47836685,53.74475861
335,129.6410522,223.134552,277.1000061,47.4691658,54.28959656
336,131.2872925,233.3986053,276.9200134,47.54056549,54.47936249
337,131.0129395,226.4999695,274.6600037,47.09425735,54.77013779
338,130.7287445,224.8123169,275.4899902,47.11211395,55.31802368
339,130.4347992,227.0131836,278.3800049,47.36204529,56.05262375
340,132.071228,225.4538269,276.6099854,47.27277756,56.22096252
341,133.5900726,225.0787964,276.2099915,47.22815323,56.09547043
342,134.2074127,220.9534454,277.9200134,47.30849075,56.28524399
343,134.5112152,221.0718689,280.1700134,47.70124054,56.33726501
344,137.1471405,221.0718689,279.1199951,48.12369537,56.47807693
345,139.1657104,210.7091217,277.3200073,47.62034988,55.91182327
346,141.6644745,203.2380676,279.2399902,47.87201691,55.84142685
347,140.3612061,205.2119293,274.1000061,47.87201691,55.62410355
348,142.1936188,214.558136,280.4899902,48.30345917,56.08934784
349,141.595871,212.8704987,280.1099854,47.84505081,56.45358658
350,142.7129669,205.1231079,279.2099915,47.9259491,56.05874252
351,146.1524353,209.2287292,278.3099976,48.61805725,56.08322906
352,145.4958954,218.1900482,279.7200012,48.22257233,56.06792831
353,143.4479065,228.4442291,277.8999939,48.26750565,55.78633118
354,139.5870819,239.4682007,272.6600037,47.6922493,55.44659042
355,143.2127228,241.9651337,276.8900146,48.1596489,56.08016205
356,142.4777985,256.2163696,279.8800049,48.42930603,56.08934784
357,143.8496704,277.3070374,277.7000122,49.0225296,55.85673523
358,145.574295,278.2742004,278.4899902,49.64272308,56.36788177
359,145.9956512,282.5180054,278.7999878,49.85845184,56.6494751
360,143.8202515,280.2875366,280.7799988,49.68766785,56.32197952
361,142.0662384,309.3526001,278.1000061,49.22926712,56.14750671
362,142.7129669,308.5038147,279.7600098,49.49891281,56.98005295
363,142.9285278,324.0578003,278.2900085,49.76856232,57.05044556
364,142.5954132,335.7627563,278.1400146,49.84046936,57.30755615
365,144.3983917,347.2111206,281.7999878,50.55953598,57.43917465
366,143.9966278,409.0224304,278.7799988,50.05619812,56.77497864
367,144.1044464,399.6268921,280.2099915,50.11911392,56.97698975
368,143.4174652,383.9248657,285.6300049,49.96630859,56.75661087
369,143.3683929,441.3838196,287.230011,49.85845184,57.01371002
370,142.8875275,411.0555115,288.9400024,49.98429108,57.22184372
371,143.1426697,354.4946594,291.2799988,50.208992,57.36264801
372,146.1162262,369.1307983,290.2399902,50.68537521,57.50650024
373,146.3223267,372.3876648,287.8900146,50.75728607,57.66566849
374,148.3046875,338.6149902,289.4500122,50.5865097,57.37489319
375,147.3919983,361.4821167,289.1000061,50.34381866,56.7076416
376,143.6333771,359.2319031,286.3599854,49.57081985,56.45971298
377,143.967041,327.4725647,285.1300049,51.47635651,56.32809067
378,145.4292755,344.1220398,285.269989,52.3302536,56.48419189
379,146.9209595,377.1051941,285.6199951,52.61787415,56.83006668
380,146.8326263,363.3869019,286.019989,53.3189621,56.84843445
381,145.5961304,371.1145325,287.2999878,53.34593582,56.91271591
382,144.7913818,365.1534729,285.269989,53.21110153,56.36483002
383,145.831665,353.7939453,286.6000061,53.04931259,56.82088852
384,150.2674408,340.4901428,285.6600037,53.14818573,57.11472321
385,149.0014954,324.8868408,285.769989,53.04931259,57.09941864
386,149.6687927,328.1535645,285.2600098,53.06729507,57.34121704
387,150.7875824,324.2354431,285.0499878,53.50772476,57.29224777
388,151.4254456,329.9300232,281.8900146,53.40884781,57.18206406
389,153.7709503,342.0791016,278.8999939,52.92348099,56.9463768
390,152.2203522,331.8446655,279.3399963,52.74371719,57.03819656
391,151.1997223,346.7867737,278.6099854,52.67180634,56.98617172
392,146.1947479,344.6253967,277.6000061,52.03362656,56.73823547
393,146.7639313,322.8636475,279.9200134,52.22238159,56.91577148
394,145.3605652,330.5024414,277.2000122,52.01565933,56.66172028
395,146.2536316,350.6061707,278.1799927,51.7370224,56.93719864
396,146.0181122,367.778717,277.5100098,51.53028488,56.86985779
397,143.3389587,354.4847717,276.7600098,51.09884644,56.69232941
398,140.2770844,334.5784607,274.2000122,50.23596191,56.19953918
399,140.7579498,336.8878784,273.1799927,49.66969299,56.03425217
400,143.1328888,334.8251953,274.0700073,49.90338898,56.16893387
401,144.0946198,348.3757019,278.1199951,50.95502853,56.45051956
402,144.1829224,329.1207581,277.8699951,50.99097824,56.38412476
403,142.6618042,303.0757141,279.7200012,50.53256989,56.27653503
404,139.2662659,272.905304,276.7900085,49.90338898,55.72935867
405,140.1691589,273.8132935,277.2900085,49.86743927,56.3441658
406,138.8638916,269.4214478,272.9400024,48.92365646,55.20677567
407,139.9924774,251.4593811,275.7099915,49.56182861,55.41888046
408,136.5478821,245.6463623,273.6400146,49.07318115,55.28977203
409,138.4811707,246.8504181,278.0499878,49.48944092,55.50802612
410,139.3545837,233.0531769,280.2200012,48.81075287,55.95682907
411,140.620575,243.3468475,282.9500122,49.78805161,56.20582962
412,140.237854,242.7349396,284.1400146,49.84235382,56.12899017
413,140.1495209,239.8432465,280.9299927,49.70662308,56.14128113
414,138.8737335,240.5834351,278.6199951,49.11842728,56.15665054
415,138.2849274,246.1398315,277.8999939,49.42609787,56.31956863
416,141.0818176,247.0576782,281.6400146,50.35815811,56.96512222
417,142.1416931,244.4423218,284.2099915,49.9961853,56.79605484
418,143.8198242,257.6770325,282.5899963,49.94189072,56.31650162
419,145.9886322,259.414032,284.8299866,50.43959808,56.23964691
420,146.4793396,265.8981628,287.4899902,50.85585022,56.73456573
421,146.6952515,282.6166687,286.8200073,50.39434814,56.48249435
422,145.9199524,274.7015381,289.2399902,49.86949921,56.80834198
423,145.8708954,291.0648193,290.2600098,49.89664078,56.57164383
424,146.538269,288.5679016,290.8500061,50.50293732,56.88827515
425,146.0769958,275.1259155,287.7799988,50.83775711,56.50708771
426,149.7277069,280.2678223,289.7200012,50.89204407,56.83909225
427,147.0093079,275.0864563,287.0100098,50.64772415,56.78990173
428,146.1849365,270.7341003,286.2399902,50.7653656,56.86367798
429,147.2251892,285.6959229,287.9299927,52.14082336,57.17107773
430,148.6678009,291.5484009,288.7200012,52.16797256,57.98262787
431,148.1476746,270.3590698,287.6900024,51.68836594,57.87197113
432,148.6783752,213.808075,287.8800049,51.64311981,58.23778152
433,147.8528442,239.4287415,288.7999878,51.57977676,57.73363876
434,148.2164764,223.4108887,286.3500061,51.97793579,57.84122467
435,145.3761902,232.3228455,285.3200073,52.27655792,58.12096405
436,145.3270111,232.8064423,284.6499939,51.36260223,58.0871582
437,147.4105835,235.0270233,285.9899902,51.41689301,58.09330368
438,147.4203949,247.205719,284.6700134,51.82410431,58.36073303
439,148.4031982,254.6767578,283.3599854,51.57977676,58.02874374
440,150.8503723,268.444397,281.5899963,51.36260223,57.88118744
441,155.1550751,270.477478,280.6300049,48.53023529,57.68444824
442,157.7889404,285.9623718,279.9899902,48.18637466,57.30326843
443,158.2509003,317.5046082,284.9700012,49.40799332,57.69981384
444,158.6341858,304.8028259,288.5599976,50.04143143,58.14247894
445,159.1550903,300.7761841,287.2799988,50.25861359,57.76744843
446,154.1132813,343.4509277,283.0899963,49.47134018,56.99586105
447,157.484314,357.7811279,282.1199951,50.45769119,57.1526413
448,162.4572906,347.1420288,276.6900024,49.62517548,55.58794785
449,161.9364014,330.1076965,275,49.7971077,55.51109314
450,160.9437561,329.1306152,279.0899963,50.81061554,56.27346039
451,159.056778,339.562439,277.4299927,50.88298798,56.98970795
452,162.4769745,276.1720581,281.3800049,51.5435791,58.00414658
453,168.2361603,298.7332458,284.9700012,52.5570755,58.04718399
454,172.0690918,288.1237488,283.7200012,51.59787369,58.04103851
455,171.5580139,280.4947815,284.519989,52.07748032,58.20396423
456,176.3639069,254.3115997,288.230011,53.61582947,58.93865585
457,172.7177734,274.5830994,290.0100098,53.0366745,59.63182449
458,171.3319702,273.1520386,295.0299988,52.27655792,59.62873077
459,176.216507,283.2976685,294.5799866,54.23116302,60.20404816
460,169.2975769,279.9717102,300.1700134,54.57502365,60.87524796
461,168.1968536,283.5246582,293.6600037,54.71076584,60.08960342
462,166.8307343,271.6322021,289.6099854,54.62026978,60.01846695
463,170.0150452,267.9114685,293.2399902,55.2265625,60.02464676
464,172.6194611,256.3052063,294.4100037,55.6790123,60.34323502
465,173.2484283,251.9528351,294.4899902,56.35769653,60.50098801
466,177.2288055,251.508728,296.6700134,57.38928986,61.05155563
467,176.2066956,238.2444153,298.2900085,57.48883057,61.39797974
468,176.2951508,237.4647369,299.4599915,57.87794113,61.69182968
469,175.1354523,253.4529724,299.980011,57.57027054,61.58666611
470,174.5162659,254.4300232,299,57.34403992,61.91762543
471,178.8799286,228.8192596,300.7900085,57.15401077,61.94237137
472,176.6096649,221.1606903,308.5299988,55.75223923,62.46201324
473,171.91185,208.6661835,309.9200134,54.86931229,62.5795517
474,169.0420685,211.9329224,313.2200012,55.45186234,62.38776779
475,169.2091522,209.070816,319.7799988,55.64301682,62.81461334
476,169.228775,226.9934387,318.9299927,56.2710762,62.64449692
477,172.0690918,212.9790649,319.7999878,56.77171326,62.61357117
478,172.5113831,217.9827728,320.3900146,56.54414749,62.60737991
479,169.228775,200.3365173,321.2600098,55.97979736,62.86100769
480,170.093689,193.4378815,324.1300049,55.85237503,63.30952835
481,166.8799133,167.0178223,320.2900085,54.36867905,62.4372673
482,163.3712769,159.5467834,314.75,53.61317444,62.7094574
483,161.6808777,154.4838409,311.0100098,52.86678314,62.50222015
484,159.6170197,145.5718842,305.2200012,51.59244156,62.46818924
485,158.8405762,149.0063782,303.730011,51.79269409,62.23310471
486,157.0321808,154.4443665,307.1900024,51.07361221,61.72275162
487,156.9437561,158.5993195,309.2600098,50.36361694,61.20929337
488,156.4818726,152.5198517,307.6700134,49.71734238,61.7134819
489,167.4007874,160.0994568,312.8999939,50.61849594,62.40014648
490,171.7742615,169.8305664,313.019989,50.67309952,62.42180634
491,171.6071777,177.2522736,313.9599915,50.40003204,62.28570175
492,172.8160095,177.7950745,319.6000061,51.1282196,62.9445343
493,169.9265747,172.7321472,315.230011,50.24528503,62.98474121
494,169.6412201,174.2618866,314.9899902,50.1997757,62.24858475
495,168.9228363,170.5510254,316.5100098,50.2179718,62.45271683
496,172.0423126,157.5137177,321.4400024,50.37271881,62.79605865
497,173.469162,171.0642242,322.3800049,51.23744965,62.59191513
498,169.3755341,165.3499146,319.8500061,49.94490433,62.06608582
499,165.9509888,168.715332,319.1400146,49.06197357,62.06919479
500,166.1871796,152.5099792,314.2799988,48.40659332,61.91144562
501,170.0348053,161.3035126,316.2000122,49.39876175,61.92689896
502,169.7986603,163.3267212,315.6499939,49.38055801,62.19599915
503,166.1871796,155.3029938,313.5499878,50.76412201,62.46508789
504,164.63237,154.8884735,314.7999878,52.07486343,62.51150513
505,161.6999054,147.9306335,314.1600037,51.24655151,62.11248779
506,157.5176849,139.3147583,309.9899902,49.55350113,61.74440765
507,160.1450806,152.0461273,308.2799988,49.81747437,60.45769119
508,162.2214355,148.6510925,319.2399902,51.00988388,62.49293518
509,162.4871368,148.8386078,321.4500122,50.76412201,61.71039581
510,160.5977325,144.8119354,316.8399963,49.71734238,61.24642181
511,163.9041748,145.029068,323.6400146,51.11001205,61.91144562
512,163.579422,140.4003754,327.7399902,51.0371933,62.33828354
513,160.568222,134.4788055,325.3399963,51.43769836,62.46508789
514,156.7599335,124.5996552,322.7200012,50.60028076,61.21548843
515,154.9296112,126.4846954,318.519989,49.51708984,59.46789932
516,160.3517303,138.377182,325.3999939,50.90066147,59.89473343
517,155.9923553,135.4756165,325.2999878,49.79927063,59.24827576
518,152.2628174,133.8669128,326.6000061,49.78106308,58.59873581
519,148.2183228,149.9340973,329.980011,49.42607117,59.05341721
520,152.6170654,143.1440277,332.5499878,50.60937881,60.29065323
521,157.0453186,161.7772369,336.1099854,50.80053711,60.32158661
522,158.0588684,162.8431244,344.9700012,51.1282196,60.74843216
523,161.3652954,172.1794586,342.4100037,50.94617081,60.75152588
524,162.7430267,167.8961792,349.6600037,50.97348404,61.05155563
525,166.1281281,172.3472443,349.9299927,51.1282196,61.37942505
526,167.4960022,164.1557312,348.1600037,49.58991241,61.00206375
527,171.2944489,168.1824036,352.3699951,49.60811996,61.48648834
528,171.934082,158.9941101,358.7600098,50.03593445,62.11995316
529,172.8000336,164.1754761,359.5700073,50.19067001,62.11684418
530,176.1064606,170.1365204,355.1199951,50.67309952,62.48948288
531,174.9354401,172.4952698,357.6099854,51.01898956,62.40873337
532,171.8258209,168.3304291,352.9100037,50.75501633,62.22241211
533,171.5305939,176.4429779,351.8800049,50.66399765,63.01113129
534,175.5947571,183.805481,345.4299927,50.85514832,62.71925354
535,172.2686157,178.4563293,344.7999878,50.33276367,62.73167419
536,169.0901489,164.4715424,344.7099915,49.8286972,63.52662659
537,169.3952026,166.8993988,346.5100098,50.06697845,64.11038971
538,167.3778839,168.0343475,353.1000061,49.74620819,64.62275696
539,163.1071014,168.3205719,352.019989,48.46314621,64.56995392
540,164.9866638,166.9191284,349.7399902,47.49168777,64.64138794
541,167.6829376,177.035141,346.2200012,47.7941246,64.87427521
542,162.6544189,172.9985962,344.3299866,46.89597702,64.84942627
543,162.4379578,157.4841003,346.6499939,46.84098816,64.43022156
544,164.7307587,157.651886,348.5,47.50085449,65.20654297
545,164.5635071,151.6710815,348.8200073,48.59145355,66.22194672
546,163.7664185,145.9074249,343.6000061,48.37150192,66.26852417
547,159.2102203,143.173645,335.5599976,47.07011032,65.21895599
548,160.2828369,153.0725403,336.9500122,47.60166168,65.49531555
549,154.2998047,146.0159912,330.6499939,46.64853287,64.67555237
550,154.0734711,142.5518799,329.5799866,45.1913414,64.93327332
551,161.0307159,141.5254669,331.269989,46.4010849,65.73442078
552,155.1362152,136.9658661,322.8299866,44.88890457,64.0793457
553,155.44133,144.1309509,318.1900024,45.69540024,63.25645828
554,156.9370422,147.2792664,318.9899902,45.75038147,63.27508926
555,163.3727722,149.8551483,326.7999878,47.27173615,64.6444931
556,154.2702789,140.0648193,318.6799927,45.46628189,63.61356735
557,154.9995575,134.3899841,318.8800049,45.20967102,63.9737587
558,149.8552399,138.4857483,312.9599915,44.87057114,63.81850815
559,152.2696838,142.5420074,312.5299988,45.41128922,63.40240097
560,144.3758392,142.2755432,311.5400085,44.58646393,63.45829391
561,140.492981,155.9346161,308.0599976,44.25653076,63.34962463
562,144.9769897,156.7636414,310.3599854,45.42045975,64.20353699
563,143.4297485,149.2235107,309.2900085,44.90722656,64.63516998
564,147.0761261,157.7110901,314.6000061,46.37358856,64.68175507
565,138.7782288,155.0069122,306.6400146,44.32068634,61.11695862
566,135.3585205,165.6755981,304.1499939,38.23529434,60.03635025
567,135.5950317,160.8692627,304.0499878,39.35339737,60.34375381
568,141.0350037,161.08638,310.2000122,39.72914886,61.49889755
569,138.3248444,152.4803772,309.1700134,40.11407089,62.48635483
570,138.4825897,152.6481476,308.6400146,40.32486343,62.62919617
571,141.695282,156.0826569,312.5,41.23216629,62.94282532
572,147.4703064,164.7774963,319.1099854,41.80954742,63.46451187
573,146.6819305,161.2245636,315.980011,41.28715134,62.94282532
574,146.5538025,159.3790131,312.2099915,41.45212173,62.24415207
575,149.0175629,158.3600006,314.9500122,41.96534729,62.74410248
576,143.2720795,157.6999969,310.9400024,41.47045135,62.07646942
577,144.0210724,159.3099976,312.1499939,41.54377365,62.20377731
578,146.5538025,160.1199951,313.6499939,41.76372147,62.60435104
579,145.8146667,161.7299957,308.7399902,41.16801453,61.81563187
580,140.5717926,149.2700043,300.7999878,40.56314087,60.76275253
581,135.1417389,143.8500061,291.7099915,39.85746002,60.53516388
582,129.9678192,133.6199951,281.5599976,39.62833786,59.18202972
583,130.8350525,134.8200073,277.6400146,39.32590866,58.43064499
584,133.4663544,137.9900055,278.9299927,40.14156342,58.45558167
585,128.1741943,129.1499939,268.5599976,39.70165634,57.96608734
586,129.6524658,125.1399994,268.0799866,39.76580429,57.76031494
587,133.8999481,123.25,271.769989,40.45317078,59.21944427
588,133.3875275,123.6600037,269.7900085,39.93077469,59.21321106
589,136.265213,132.2899933,267.519989,39.34423065,60.05501556
590,139.6060486,134.0399933,278.2799988,40.41650772,61.28965378
591,139.6060486,143.7100067,278.3999939,40.11407089,61.27095795
592,135.4472198,139.8200073,273.8599854,39.46337891,60.56945038
593,137.2112732,141.9799957,273.4899902,39.29840469,60.94981384
594,134.7376556,149.1000061,273.019989,39.07845306,60.78145981
595,136.9156189,157.5,277.5,39.04179001,61.65444946
596,139.5074921,161.0299988,275.6900024,38.8013649,60.95605469
597,140.8477478,160.1999969,275.6499939,39.47640991,61.04024506
598,144.2280121,167.9700012,279.2799988,39.96651459,61.1649437
599,144.90802,170.1300049,280.8299866,40.12372589,61.06206131
600,142.7695007,166.4700012,278.5100098,39.9942627,60.99346924
601,143.7451477,161.4199982,277.2799988,39.6336174,60.92175293
602,143.3804932,166.6199951,277.4700012,39.48566437,60.83758545
603,146.317276,154.4600067,274.4100037,39.14351654,60.56321335
604,147.99263,161.4400024,278.480011,39.82781601,60.71909714
605,144.9375916,161.0299988,276.2600098,39.39318466,60.16101837
606,148.8105927,164.7299957,283.5499878,40.71554565,60.87811661
607,150.8210297,164.0800018,286.0400085,40.80801773,60.25767136
608,153.0975342,165.8699951,286.8500061,41.2241478,60.32314682
609,151.8557892,160.1600037,285.9299927,41.11317444,60.85316467
610,150.7323456,162.3699951,287.9899902,41.0022049,61.30213165
611,149.4019165,159.7200012,285.3099976,40.53059769,61.65755463
612,154.5166626,155.8800049,290.2999878,41.27962112,61.84774017
613,155.0685272,164.9199982,293.8999939,42.18585205,62.59601212
614,160.1537018,165.1499939,300.6000061,41.95467377,61.99739456
615,159.1681824,163.4799957,295.8599854,41.8714447,62.70202255
616,157.6899414,165.7700043,292.1700134,41.5385437,62.20005417
617,163.7212372,178.2299957,294.9599915,42.26908112,62.76749802
618,163.4058838,180.4400024,292.9100037,41.96392441,62.47753906
619,163.1788788,183.1100006,292.0700073,41.62177277,62.51495361
620,162.7051849,169.3000031,292.3399963,41.63101959,62.49935532
621,162.7545319,157.2100067,292.769989,41.5385437,62.5461235
622,167.0178223,160.9199982,295.1099854,42.55574417,63.01379776
623,166.2776947,158.5899963,296.4700012,42.44477463,62.95144272
624,169.8402557,160.3500061,301.5499878,43.1013298,63.50018692
625,170.9159546,162.4799957,302.8200073,43.08283234,64.13308716
626,170.7580414,160.3699951,306.6499939,43.24928284,64.62258911
627,172.2580872,152.0399933,304.2600098,43.14756012,64.32639313
628,171.8633423,147.6100006,304.269989,45.65356445,64.4105835
629,169.2678528,147.9199982,297.2799988,45.0340004,64.4199295
630,165.3697205,148.3000031,288.6900024,44.11851883,63.77455521
631,165.0341949,147.25,289.6499939,43.84110641,63.47211075
632,165.3302612,146.2400055,293.519989,43.52669907,63.61866379
633,167.7974396,148.5599976,298.1300049,43.71164703,63.83067322
634,161.4715881,142.6000061,289.9599915,42.4355278,62.46194458
635,159.2610474,144.6300049,287.4500122,42.26908112,62.39335632
636,156.8234711,147.0800018,285.4200134,41.8344574,61.71367645
637,155.1556549,144.6399994,280.7999878,41.35360336,61.40501785
638,155.88591,147.8099976,282.4299927,41.88069153,61.78226471
639,153.7641144,147.8999939,277.6700134,41.23339462,61.027771
640,152.5009613,138.5800018,276.5899963,41.12241745,60.54450989
641,153.9122009,144.1100006,281.0400085,41.63101959,61.5952034
642,152.4318848,147.1999969,283.3399963,41.95467377,61.55155182
643,155.3036652,150.9100037,285.769989,42.32456589,62.07847214
644,161.2840881,148.2700043,288.5100098,42.90713501,62.22810745
645,151.8199921,141.0500031,278.2900085,40.78952408,60.30443954
646,153.2707062,146.5500031,278.4200134,40.65081024,60.31690979
647,150.3693237,144.1399994,276.7000122,40.03125,59.89600754
648,148.7212524,145.7599945,274.8099976,40.04049683,60.02695084
649,152.4516144,133.2200012,278.9500122,40.04049683,60.45409012
650,154.8398438,133.4600067,277.1300049,39.37469482,60.17661285
651,151.7015991,128.2400055,270.7399902,38.45922089,59.87418365
652,150.7344513,130,268.5100098,38.05234146,59.89600754
653,148.4547729,128.3500061,267.769989,37.59923172,59.01678467
654,148.7903137,127.6500015,264.3200073,37.52524567,58.73167801
655,149.767334,130.3000031,265.4700012,37.46976471,57.71749496
656,147.8725281,133.7899933,271.7799988,38.22803497,58.38001251
657,140.6091766,133.6000061,269.5799866,37.51600266,57.441185
658,136.385376,134.8800049,267.019989,36.98891068,56.46468353
659,140.5795746,136.6799927,272.7999878,38.18180847,57.48514175
660,144.1816559,137.5700073,280.4899902,39.0311203,58.50561523
661,144.4776764,137.1900024,279.3599854,39.18977737,58.23558044
662,143.5204315,137.5299988,276.3099976,38.75112534,57.20883942
663,138.2505493,134.7100067,269.0400085,37.58448029,56.29826736
664,138.5762024,135.2899933,266.9299927,37.22982025,56.53376389
665,137.1551514,129.4900055,267.3099976,36.94049454,56.96078491
666,136.5235443,136.6499939,264,36.65117264,57.29675674
667,141.1124725,140.0099945,275.7799988,37.90180969,58.49304962
668,136.5630035,135.6199951,272.6700134,37.51915359,57.39722443
669,140.5401001,138.9400024,277.019989,38.54579544,58.0503273
670,141.8625183,133.6799927,281.6700134,39.00312424,58.71598434
671,141.9710693,122.6600037,278.3399963,39.08711624,58.52758789
672,141.5072021,118.4300003,273.5299988,38.92845154,57.77716064
673,145.3362732,131.6399994,282.5100098,39.94576263,58.6657486
674,147.4876709,134.9900055,287.480011,40.63640976,59.64225006
675,150.3397064,135.2700043,289.2399902,41.40172577,60.35187149
676,147.3889923,137.0899963,288.519989,41.42039871,60.83541107
677,142.8987274,135.5800018,289.8800049,41.45772934,60.98611832
678,153.6950531,137.6499939,299.6300049,42.59636688,62.24835968
679,151.3265839,137.6399994,295.0899963,42.40037155,62.00659561
680,148.6718903,144.0800018,294.1300049,42.42837143,61.76167297
681,143.1256866,141.5200043,289.4599915,41.59772491,61.0300827
682,137.0564423,145.25,283.8500061,40.92573929,60.86366653
683,136.7895508,154.3099976,287.4700012,41.55105591,61.50734711
684,137.3233337,160.7200012,290.1900024,41.57905579,62.11648941
685,137.8966675,160.9400024,292.6099854,41.63505936,62.29860306
686,133.31987,159.5800018,288.6499939,40.98173523,61.57956696
687,145.1819611,156.9199982,303.2000122,42.61503983,62.66283035
688,147.9794312,154.5099945,309.7200012,41.80305481,62.27347946
689,146.5757599,160.3699951,308.9100037,41.75639343,62.03799057
690,148.3155212,163.7299957,309.980011,41.90572357,62.1133461
691,147.0798798,164.8999939,308.7600098,41.42973328,62.48700714
692,148.9877319,166.2599945,307.4400024,43.48301697,62.44618225
693,149.551178,166.3899994,310.7600098,44.60300064,63.08985138
694,146.3088684,158.4100037,311.2000122,44.44432449,63.86227036
695,148.4539032,158.7299957,315.7600098,45.15364456,64.35837555
696,149.333725,156.2299957,316.1799927,45.33097076,64.52164459
697,146.4077454,154.8500061,317.4299927,45.1723175,64.69747162
698,142.5624237,161.4900055,313.269989,44.87365341,64.40547943
699,139.5474854,163.6100006,315.1300049,45.06031418,64.20451355
700,146.3286591,167.0200043,318.6000061,46.40428543,65.39767456
701,146.6054077,169.4700012,315.8399963,46.63761139,65.4855957
702,146.1111755,169.7400055,316.1499939,46.38562012,65.95028687
703,144.9447327,166.7100067,310.5700073,46.04029465,65.14334869
704,141.2674866,161.6199951,307.7799988,45.34963989,64.72574615
705,139.3201294,162.6300049,305.8200073,44.9669838,65.12136841
706,141.0104523,171.8099976,305.9899902,45.72296524,65.37884521
707,140.5261078,170.3000031,306.3900146,45.22831345,64.82621002
708,142.8293457,166.6199951,311.4500122,46.01229095,65.40396118
709,143.7980804,178.2400055,312.3299866,46.32962036,65.22338867
710,141.5640564,186.0500031,309.2900085,46.01229095,65.21705627
711,134.9311676,182.0399933,301.9100037,44.93898392,64.24938965
712,132.9640198,175.25,300,44.62165833,63.96794128
713,130.8486023,168.5599976,300.0299988,44.23900223,63.93947983
714,130.7794342,172.6999969,302,44.21100235,63.90468216
715,133.8932343,178.1499939,307.8200073,44.48165894,64.44228363
716,130.7102203,179.8800049,302.6900024,44.16433334,64.36638641
717,130.3445129,175.9700012,306.4899902,44.31365967,64.69844818
718,128.5355072,159.8600006,305.5499878,44.36033249,64.99568939
719,124.5913696,151.6999969,303.4299927,43.93100357,64.21775818
720,128.1203461,153.1100006,309.0599976,44.3323288,64.43913269
721,128.4366302,150.2200012,308.8999939,44.46299362,64.12605286
722,123.6325378,148.6499939,309.9100037,44.74298859,63.80981064
723,124.9077072,146.1300049,314.5499878,44.73357773,63.88886642
724,123.5831146,145.6699982,312.8999939,44.10326385,63.28802109
725,128.1302032,150.0899963,318.6900024,45.45797729,64.74584961
726,128.6541443,148.7599945,315.5299988,45.70257187,64.15450287
727,129.227478,153.6699982,316.3500061,45.91894913,64.00904083
728,131.9557495,149.6100006,320.3699951,46.29526138,63.96475983
729,131.8766632,149.4100037,318.9299927,46.09769821,63.53153229
730,133.2111359,145.0500031,317.6400146,45.98480225,63.79400635
731,134.377594,143.1999969,314.8599854,45.23219681,63.81930542
732,133.6559906,143.0899963,308.2999878,44.12208939,62.1179657
733,133.7153015,139.9400024,305.230011,43.70814514,61.7353096
734,136.2854004,142.7899933,309.8699951,44.00918579,61.99146652
735,139.4881744,143.7299957,310.4200134,44.68654251,61.88710022
736,140.8918457,143.8500061,311.2999878,44.97817612,62.08951187
737,140.2295532,142.7299957,311.8999939,45.13811493,62.3899231
738,142.3054047,142.5399933,310.9500122,45.47678757,62.26658249
739,144.2527618,143.6600037,309.1700134,45.63671494,61.94402695
740,141.3564453,140.4900055,307.3299866,45.36389923,62.01044846
741,142.6316071,143.4100037,311.519989,45.7872467,62.67137146
742,143.7585144,143.0500031,310.5700073,45.69316483,62.95914078
743,149.0865784,144.3999939,311.8599854,46.39875031,62.24445724
744,152.7242737,142.0599976,308.5100098,45.7496109,62.08317947
745,149.9861145,140.9600067,308.4299927,44.75239563,62.12744904
746,152.8725586,142.1150055,312.9700012,45.00640488,61.91556549
747,150.1739197,141.1499939,308.480011,44.17852783,61.70685959
748,149.1359863,140.5399933,307.2099915,43.96215057,61.47283936
749,149.5022888,141.5099945,309.8900146,44.46075821,62.12427902
750,152.3139648,143,313.7399902,45.02521896,62.7029953
751,151.6704254,143.9199982,310.7900085,44.87469482,62.04522705
752,153.7791748,147.6199951,309.6300049,45.58027267,62.08951187
753,152.175354,141.3899994,308.1799927,47.96982956,61.75428391
754,151.0269623,138.6199951,308.2399902,47.76285553,62.44368362
755,146.9975586,137.5299988,302.7200012,46.74682236,62.18437195
756,147.4232788,134.6300049,303.1600037,46.38933563,62.26025772
757,147.908371,134.3899994,303.0700073,46.29526138,62.20333862
758,145.2452393,133.3099976,304.019989,45.6084938,61.82702255
759,146.443161,130.8600006,304.6600037,45.84368515,61.73215485
760,145.9382324,130.0500031,305.1799927,45.55205154,61.08071136
761,143.8592224,127.4800034,304.6199951,45.47678757,60.73285675
762,144.4532471,127.9800034,307.75,45.65553665,61.45070267
763,149.5220795,130.7700043,312.4500122,46.36111069,61.61198425
764,152.2941589,131.5399933,316.9700012,46.49282074,61.79539871
765,150.0864258,129.0200043,311.1199951,46.01302338,61.05857086
766,151.34375,128.8800049,311.3699951,46.20118713,61.06490326
767,149.0864868,127.2900009,304.8200073,45.91894913,60.42926788
768,147.0173645,127.4499969,303.6300049,45.68375778,60.22055054
769,148.9676971,129.7700043,302.8800049,45.54264069,60.43558884
770,151.0665283,130.3800049,305.3299866,46.14473343,60.84037399
771,151.4625397,129.9400024,297.8800049,46.15414429,61.15344238
772,154.2939911,131.9600067,302.0100098,47.15135574,61.21669388
773,153.4524841,129.6399994,293.5100098,47.21720886,60.67277145
774,155.8285065,132.0800018,301.0599976,47.92278671,61.57087326
775,157.6897278,133.3300018,303.8500061,47.66878128,61.56771088
776,156.2542267,133.6799927,299.730011,46.53044891,61.00165558
777,157.3432465,129.3899994,298.3699951,46.78445816,60.62935257
778,158.6500549,128.1999969,298.9200134,47.51825714,61.68717575
779,156.6997223,123.5999985,302.1400146,47.5464859,62.06518555
780,156.076004,123,302.3200073,47.4053688,62.29708862
781,159.1648865,122.9700012,305.2999878,48.13916779,62.7132225
782,160.7389832,122.5699997,305.0799866,48.38376617,62.90382385
783,163.2536621,124.5699997,308.769989,49.18341827,63.28820419
784,164.5109558,129.5299988,310.3099976,49.21164322,63.69481277
785,163.9763641,125.8700027,309.0700073,49.11685562,63.56456375
786,162.125,125.5999985,310.3900146,49.11685562,64.04423523
787,163.016037,128.8999939,312.5100098,48.59555054,64.13636017
788,160.4122925,127.7099991,312.6199951,48.65242004,63.95529938
789,159.1945953,126.3399963,313.7000122,47.97945404,64.0918808
790,158.5015411,125.8099976,314.5499878,47.49605942,63.92671204
791,163.9070587,129.6499939,318.0499878,48.15006256,64.25071716
792,163.5605469,129.6600037,319.7399902,47.90363312,63.92034912
793,163.5803223,124.75,323.7900085,47.65718842,64.31426239
794,164.8079834,123.1900024,324.6300049,47.68563461,64.4571991
795,165.9563751,121.7900009,323.0899963,45.53403473,64.31742096
796,164.9861603,120.9400024,323.8200073,44.15019989,64.29836273
797,163.3724365,118.2799988,324.3299866,44.57672501,64.74628448
798,163.6793518,116.9300003,326.0499878,44.91794586,64.93369293
799,162.1349182,114.25,324.3399963,44.63359451,65.11476898
800,162.125,110.5999985,320.5299988,44.1122818,64.70181274
801,166.7285767,111.7200012,326.230011,44.13124084,65.41020203
802,167.9859161,114.2399979,328.5499878,44.7852478,65.79139709
803,167.8967896,111.9899979,330.1700134,44.87055588,65.95022583
804,166.8572845,111.0599976,325.8599854,43.94167709,65.72786713
805,165.778183,110.1200027,323.2200012,43.56253815,65.34666443
806,164.1347198,107.6399994,320,43.31610107,65.07028961
807,171.8370972,108.4300003,323.8800049,43.83741379,65.65161133
808,171.7677612,108.0500031,326.1400146,43.92271805,65.36888885
809,170.0550537,104.6800003,324.8699951,44.0459404,65.21006012
810,171.8271637,102.5999985,322.9899902,44.2734108,65.19100189
811,172.015274,102.5800018,322.6400146,43.9511528,65.32125092
812,171.0833588,105.2399979,322.4899902,44.2734108,65.54679108
813,170.5876923,107.9000015,323.5299988,44.64307404,65.41654205
814,170.5876923,105.5999985,323.75,44.4724617,64.96863556
815,171.2023468,105.1500015,327.3900146,45.1454277,64.90510559
816,173.5420074,104.9499969,329.7600098,45.68569565,64.53026581
817,173.651062,106.4899979,330.3900146,46.56718063,64.67956543
818,172.6993256,107.5,329.1300049,46.27335358,63.74563599
819,170.082077,116.3000031,323.1099854,46.35865021,63.40890503
820,170.3596497,111.0899963,320.2000122,45.88473511,63.02135849
821,171.4997406,108.7300034,319.019989,46.47239304,62.57980728
822,173.9187164,105.2699966,320.6000061,47.25910187,62.44002914
823,175.7726135,104.3499985,322.1900024,47.55292892,61.72528458
824,175.723053,105.0800018,321.0799866,47.07901382,61.93176651
825,178.5385742,104.1200027,323.1199951,47.14536285,62.20814514
826,179.3911591,108.1299973,329.480011,47.41075134,63.17702484
827,178.0329895,108.7300034,328.5799866,47.5908432,62.9991188
828,177.6661682,109.8499985,333.4100037,47.21170807,62.66874695
829,176.2881317,109.4100037,335.4200134,47.18326569,62.56178284
830,179.0144806,108.9700012,335.9500122,47.08848572,62.90662766
831,179.4010773,109.25,335.2900085,47.0695343,62.93218613
832,182.2067108,109.7900009,333.6000061,47.84675598,62.80126572
833,181.7308502,115.5999985,336.3900146,48.15006256,62.98966217
834,182.3653412,110.9499969,335.8999939,48.30171585,62.95134354
835,184.4075928,113,339.8200073,49.22112274,63.66978073
836,183.3269958,112.5500031,338.3099976,49.3538208,63.83262253
837,183.4161987,109.9400024,338.6700134,48.86094284,63.43030167
838,182.3752594,107.4599991,338.6099854,48.19746017,63.72406769
839,185.3890533,107.3099976,336.9599915,48.45337296,64.06252289
840,185.0718079,107.1399994,335.25,47.7045784,63.65381622
841,183.6739655,106.9300003,334.1199951,47.5908432,63.74003601
842,186.4399261,105.8600006,335.3399963,48.2069397,63.82623291
843,187.6196594,106.9000015,334.1499939,48.21641541,63.37282181
844,187.9567566,107,336.9100037,48.5386734,63.44306946
845,192.2990265,107.9300003,341,49.0410347,63.95396042
846,190.8020325,107.8199997,342,49.11685562,64.30838013
847,189.6817474,109.0800018,341.5599976,49.19325638,64.27326202
848,190.1575928,105.7600021,341.4599915,48.81124878,64.16150665
849,189.0373535,106.8600006,340.8999939,48.69664764,63.52608871
850,186.9851837,107.4300003,341.1300049,49.08820724,63.36324692
851,186.4597626,107.9000015,343.3699951,49.7758255,63.45584488
852,188.1352081,109,345.3500061,48.45789719,63.52289963
853,188.8985596,109.5100021,343.5400085,49.21236038,63.87413406
854,189.047287,108.2399979,341.0899963,48.11408234,64.0657196
855,192.3188324,107.2099991,344.25,48.52474213,63.76237869
856,192.0610809,108.1500015,345.3399963,48.93540573,63.75918198
857,193.419281,109.1299973,342.4299927,50.07188034,64.42973328
858,191.4662628,107.7200012,346.6099854,50.01458359,65.06195831
859,190.286499,108.5899963,345.7600098,50.26288605,65.27909088
860,191.0895386,107.0299988,349.6300049,50.7212944,65.47386169
861,191.9520264,106.8600006,347.5799866,51.18925858,65.4227829
862,192.8244476,105.5100021,349.7999878,50.82635117,65.50260162
863,191.5554504,105,349.3099976,50.61624527,64.95658112
864,194.1429901,107.4199982,349.8099976,49.74716949,65.55049896
865,194.7576447,108.8700027,351.9599915,49.69942474,65.22798157
866,193.924881,107.1299973,352.2600098,50.29153442,65.00767517
867,190.92099,104.9800034,351.1900024,50.21513748,65.40681458
868,189.5231476,106.6500015,353.8099976,50.75950241,65.17371368
869,180.4222107,106.4800034,349.9899902,50.26288605,64.43930054
870,177.3092957,98.5,362.5799866,50.62579346,64.94701385
871,178.2510834,101.7699966,363.730011,50.67354965,64.51914215
872,176.6549683,106.4899979,358.019989,50.60669327,64.59257507
873,176.4368286,105.4599991,356.980011,50.96960068,64.39780426
874,176.4963989,106.9199982,358.3500061,51.37071609,64.57980347
875,178.1542816,107.4400024,358.480011,51.45666504,64.2988205
876,176.1588745,105.6999969,354.5,50.9505043,63.62507248
877,175.2852936,107.9599991,354.1099854,50.57804108,63.32492828
878,172.7339935,113.2200012,353.1900024,52.26843643,62.59371567
879,173.2204285,110.3600006,352.5599976,52.56449509,62.85554504
880,174.5606079,117.5299988,352.0899963,52.94649506,62.52664948
881,175.9404907,123.8199997,350.5700073,52.96560287,62.23609161
882,179.8021851,123,354.2600098,53.46221161,62.56817245
883,175.0966797,119.0500031,354.2999878,52.75550461,62.34465408
884,177.3104401,117.6100006,355.9299927,53.19480896,62.74059296
885,178.878952,120.6800003,355.5499878,53.67232513,63.03116226
886,182.7803345,122.5599976,358.2900085,54.01613235,63.15250778
887,186.284668,125.0800018,361.0599976,54.25488281,63.14291763
888,186.503067,120.9300003,360.2000122,54.77059555,62.73420334
889,188.0815125,121.75,362.4599915,55.23855972,62.341465
890,188.3197632,122,360.4700012,54.68464279,61.73159027
891,181.5791779,120.0599976,361.6700134,54.58914185,61.56235504
892,176.2680817,119.7300034,361.7999878,54.23578644,61.7858696
893,176.8835602,120.1299973,363.1499939,54.12118149,61.87846756
894,178.0549927,117.9499969,365.519989,54.283535,62.50749588
895,175.0172729,115.6299973,367.7799988,53.85377121,62.18180084
896,172.9424591,113.25,367.8200073,53.74871826,62.29357147
897,174.4613342,113.8099976,369.5,53.83467102,62.90024567
898,173.7366333,113.0599976,367.8599854,53.51951218,62.49152756
899,176.6750946,109.0400009,370.4299927,53.58636475,62.61926651
900,177.7671204,110.4300003,370.480011,53.32851028,62.48516083
901,174.21315,108.6100006,366.8200073,53.00380325,62.58413696
902,172.6644745,106.4300003,363.2799988,50.9409523,61.98383331
903,173.5182343,104.6399994,360.1600037,51.1606102,61.57831955
904,174.7988739,103.1200027,361.7099915,51.07465744,61.36757278
905,170.7088318,101.8600006,359.4200134,50.33929062,60.87351227
906,169.1899567,103.1200027,357.7799988,50.80725098,60.15158844
907,169.4480743,102.0299988,357.0599976,51.45666504,60.2192688
908,169.9643097,108.6399994,350.2999878,51.34206009,60.10969162
909,172.4858093,112.75,348.0799866,51.9437294,59.66815948
910,171.1456146,109.3300018,343.0400085,51.60705566,59.23307037
911,172.3964844,110.2399979,343.6900024,51.41467285,59.56825256
912,173.6373749,109.8499985,345.0599976,51.04914093,58.28876877
913,176.1986237,111.2099991,346.3399963,51.41467285,58.20497894
914,177.6876984,109.3099976,345.4500122,51.8667717,58.39513016
915,177.092041,111.1699982,348.5599976,51.81867599,58.98168945
916,178.4917755,110.9400024,348.4299927,51.61667633,58.47247314
917,179.3951569,108.9000015,345.6600037,51.79943466,57.59585571
918,177.5487213,103.5800018,345.0899963,51.7224884,58.08895874
919,177.4196625,96.97000122,346.230011,52.09764099,58.5788269
920,175.861084,96.58999634,345.3900146,51.88600922,58.88499832
921,174.5606079,94.37999725,340.8900146,51.7224884,59.1460495
922,174.1833649,93.23999786,338.6600037,51.28961945,58.84310532
923,171.6221619,90.91000366,335.8599854,50.91447067,58.75286102
924,171.7412567,92.51999664,336.8399963,50.21227264,58.46925354
925,172.1780548,95.80000305,338.6300049,50.99142456,59.00102615
926,169.8550873,95.25,336.8999939,50.40465546,59.24917984
927,165.675705,96.63999939,336.1600037,49.41387177,58.8205452
928,166.9960327,91.19999695,331.7099915,49.59664154,58.03416824
929,169.0509796,93.25,337.4100037,49.60625839,58.83665848
930,169.5274963,93.54000092,341.3299866,50.14493561,59.15250397
931,172.7042084,93.44999695,343.75,50.20265198,59.19439697
932,176.2780151,92.48999786,349.019989,50.74132538,60.01300812
933,175.3647003,95.77999878,351.8099976,50.99142456,60.17414856
934,177.9259186,99.70999908,346.6300049,51.26076508,60.24182892
935,180.4971008,102.3700027,346.1700134,51.10686111,60.20960236
936,181.5592957,99.62000275,346.2999878,50.98180389,60.02911758
937,181.0827942,99.31999969,348.1799927,50.0198822,59.72294617
938,185.2875519,99.55999756,350.5599976,50.5874176,59.9356575
939,183.697113,97.93000031,350.0100098,50.24112701,60.19348907
940,186.3213501,100.6600037,354.25,51.14533234,60.50610352
941,186.8879395,100.7099991,356.7900085,51.25114441,60.52865982
942,188.5778046,99.69999695,359.8599854,46.21068573,60.54155731
943,188.5579071,99.38999939,358.9299927,45.94133759,60.45775986
944,190.3073883,98.83000183,361.3299866,46.4319191,60.43198013
945,189.502243,97.16000366,361,45.97981644,60.60601044
946,190.1682434,97.95999908,361.7999878,46.24916077,61.124897
947,188.8362274,98.83000183,362.6799927,46.51849747,61.28603363
948,188.6573029,96.86000061,361.3399963,46.10486984,61.04431915
949,189.2636719,98.30000305,360.0499878,46.02790833,61.21835327
950,188.2398224,99.25,358.6900024,46.22029877,60.65757751
951,188.8163605,100.4100037,360,46.53773117,61.37627792
952,190.0986633,99.40000153,357.0700073,46.62430573,61.62121582
953,188.2994537,99.91000366,356.6600037,46.22029877,61.59221268
954,192.2656555,98.73999786,355.0299988,46.10486984,61.05398941
955,191.1722412,101.3399963,352.3800049,45.88362885,60.98630905
956,193.1105957,101.9250031,352.7000122,46.42229843,61.22802353
957,194.5419922,103.4300003,353.0799866,46.53773117,60.97663879
958,192.0270691,100.4899979,357.0599976,47.50926971,61.43751144
959,193.5479736,98.65000153,360.019989,47.45155716,61.58576584
960,196.7785645,97.18000031,362.0299988,47.79784775,62.55906677
961,196.9276733,103.9499969,358.1199951,47.55736542,61.5632019
962,196.3908844,102.1999969,356.5,47.97099304,61.15389633
963,194.7209015,103.5699997,359.6499939,48.3269043,61.66633224
964,195.7646637,106.7099991,361.7999878,48.26918793,61.85326004
965,193.6672516,102.8000031,355.3500061,47.90366364,60.79766083
966,193.5181274,103.5699997,356.1400146,47.8074646,61.2754097
967,192.4445953,105.3300018,356.4700012,48.18261719,61.60366058
968,191.8978729,104.7300034,356.8299866,48.36538315,61.91241074
969,191.9972534,107.5599976,356.9500122,48.51929092,62.07491302
970,192.4246979,105.7200012,357.5700073,48.55776596,62.14641571
971,191.3809814,105.5400009,356.6600037,48.59624481,62.30565643
972,184.5320892,112.3450012,362.4599915,48.58662033,63.31641388
973,183.1503754,110.0699997,366.75,48.96468735,63.0629158
974,180.8243408,107.4899979,363.6799927,48.54785156,62.93940353
975,180.0987091,111.6600037,365.5899963,48.55754089,62.71191025
976,184.4525604,111.8799973,368.1799927,48.91622162,63.03041458
977,184.03508,108.6999969,366.8999939,48.38304901,63.08565521
978,185.0787811,106,367.9200134,48.70295334,62.82891083
979,184.4823761,103.6800003,363.3399963,48.89683151,62.87115097
980,184.8104248,103.5699997,363.6199951,48.79989624,62.95890808
981,182.5340881,99.56999969,361.1000061,49.04224396,62.62740707
982,181.5897522,97.59999847,359.2900085,48.76111984,62.50065994
983,187.5042419,97.52999878,362.3800049,49.19734955,62.32190704
984,190.416748,98.22000122,366.9899902,49.70144272,62.00666046
985,192.7328339,99.80999756,368.0599976,49.99226379,61.72391129
986,194.015152,100.2900009,372.1400146,50.17644882,62.52340698
987,193.3392029,98.90000153,376.5899963,49.74021912,61.73040771
988,193.0111694,96.90000153,380.8500061,50.72901154,62.25691223
989,191.2716217,94.80000305,385.3999939,50.54482651,62.49090576
990,190.5857391,95.77999878,383.1799927,50.69023514,62.79641342
991,186.9177551,94.98000336,387.1499939,50.64176178,63.17341232
992,183.2994995,95.04000092,383.7399902,48.64478683,62.85165787
993,185.744812,94.51000214,386.4400024,48.64478683,64.1516571
994,184.7408447,92.65000153,390.75,48.64478683,63.81690598
995,186.5599213,93.34999847,390.7600098,47.99528503,63.28390884
996,188.1702423,96,393.7399902,48.45090485,63.44641495
997,188.2796021,95.05000305,397.6600037,48.24732971,63.47240448
998,187.1961212,94.09999847,397.4899902,48.42182541,63.20265579
999,187.9624634,93.13999939,398.3599854,48.59631729,62.6729126
1000,186.2704468,93.86000061,397.7099915,48.46060181,63.09216309
1001,184.1703796,90.58000183,394.7999878,48.12130737,62.62416458
1002,183.2845612,91.45999908,398.6799927,48.74172592,62.42915726
1003,182.9959412,92.91000366,403.4500122,47.55905533,62.78015518
1004,181.4532013,91.66999817,405.9899902,46.95802307,62.80615997
1005,180.7067413,91.23999786,407.1499939,46.80291367,63.32940674
1006,181.4631653,92.73999786,409.25,46.99679565,63.69665909
1007,183.5035095,93.56999969,415.1600037,47.08404922,63.78115463
1008,181.6622467,93.97000122,417.2200012,47.36517334,64.06715393
1009,180.308609,93.51999664,409.1400146,46.91924667,63.64140701
1010,181.7717133,92.79000092,408.9100037,46.83200073,63.52766418
1011,180.5673981,91.43000031,412.1400146,46.5896492,63.53415298
1012,179.9005432,88.95999908,409.3999939,46.89015961,63.60890961
1013,178.8156586,90.94000244,407.1099854,46.91924667,63.32615662
1014,174.2770996,89.30000305,403.3900146,47.62691116,63.40090561
1015,169.3204956,90.51999664,400.7399902,47.45241928,63.16691208
1016,168.3251953,91.38999939,403.9599915,47.66568756,63.52441406
1017,168.2057495,91.08999634,402.3900146,47.40394974,63.86240005
1018,169.9276276,91.26999664,403.1499939,47.98558807,64.06715393
1019,171.9381409,96.30000305,404.7600098,48.68356323,64.57415771
1020,172.415863,95.73000336,404.980011,48.53815079,64.70091248
1021,170.3257599,93.94999695,408.1300049,48.576931,64.9641571
1022,172.1869659,92.91000366,406.730011,48.26672363,64.73015594
1023,171.8087463,92.48000336,408.1300049,47.43303299,64.79840851
1024,172.9035797,92.98999786,408.4100037,47.76262665,65.217659
1025,175.2525024,94.12000275,411.7600098,47.63660431,65.56865692
1026,177.830307,90,416.1099854,48.03406525,65.64665222
1027,170.5646057,91.98999786,413.7799988,48.35396576,65.662323
1028,171.4703369,91.83000183,411.6000061,48.25702286,65.54482269
1029,170.0470734,93,409.9200134,48.16008759,65.40774536
1030,168.9124298,91.69999695,411.5700073,48.03406525,65.49585724
1031,172.4954987,92.97000122,416.9299927,48.24732971,66.13231659
1032,170.6740875,92.25,420.519989,48.38304901,66.22044373
1033,169.2309265,93.12000275,420.2000122,48.50907516,65.74066162
1034,168.0464935,91.52999878,418.9200134,47.8498764,65.31961823
1035,168.8527069,90.77999878,420.2399902,47.63486481,64.58524323
1036,168.0266113,89.94000244,415.3200073,47.01915359,64.19358826
1037,168.7830353,90.51999664,418.6199951,47.44916916,64.24253845
1038,167.6583405,89.30999756,415.9700012,47.14620209,64.23274994
1039,168.8726044,90.05000305,414.6900024,48.8760643,64.42858887
1040,166.9914703,88.65000153,409.1099854,48.09420776,63.92921448
1041,174.2173615,87.01000214,407.6099854,48.40694809,63.47880173
1042,175.7202759,86.48000336,403.2600098,47.39053345,62.82276917
1043,171.878418,87.88999939,400.2600098,47.14620209,62.70526505
1044,168.5839844,86.33999634,396.9200134,46.83345032,62.90109634
1045,167.2104645,86.40000153,397.7399902,46.70640564,63.17525482
1046,166.2549591,86.16999817,399.8900146,47.01915359,63.61588287
1047,164.2245636,86.80999756,405.0799866,47.22438431,64.43836975
1048,165.0605927,88.01000214,408.7799988,47.04846573,65.03565979
1049,166.1156158,88.48999786,408.7399902,47.22438431,65.1531601
1050,168.2256622,88.08999634,405.9500122,47.25370407,65.79940796
1051,169.0915833,86.70999908,404.9100037,47.00937271,65.56439972
1052,168.5043488,87.20999908,402.1000061,46.77481842,65.36857605
1053,172.6846008,87.94999695,400.9599915,46.69663239,65.64273071
1054,169.5294952,88.81999969,396.730011,45.91476822,65.48606873
1055,168.5043488,89.94999695,398.5799866,45.77794647,64.74191284
1056,172.2168274,92.23999786,400.6000061,45.7290802,65.0748291
1057,182.5181732,92.72000122,400.8699951,46.05159378,65.20211029
1058,180.8560333,93.34999847,404.9200134,46.04182053,65.20211029
1059,181.5427704,90.87999725,406.1400146,46.20796967,65.78961182
1060,181.8811951,90.12999725,406.3699951,46.91164398,65.662323
1061,183.7026062,92.05999756,408.8200073,46.70640564,66.09315491
1062,182.4368439,91.66999817,412.0499878,46.97028351,66.52397919
1063,185.6560364,92.72000122,411.2200012,47.57622147,66.55335999
1064,186.8021698,92.27999878,410.2399902,47.84009933,66.37710571
1065,189.0845032,92.19999695,412.7600098,48.54377365,66.318367
1066,189.2041016,92.98000336,413.1199951,47.24393082,66.82751465
1067,189.2340088,90.61000061,416.9400024,47.07778549,66.63169098
1068,190.4000702,92.47000122,413,46.06136703,66.30856323
1069,191.7057037,92.06999969,414.3699951,45.8756752,66.43585968
1070,190.2605591,102.3000031,413.9899902,46.35456848,66.39669037
1071,186.2540283,99,405.8800049,45.54338455,65.4664917
1072,189.3436279,96.94999695,407.4100037,45.36746597,65.36857605
1073,189.3536072,94.09999847,403.8999939,45.23064041,64.49713135
1074,189.6525879,93.23000336,404.0899963,45.03518295,64.0565033
1075,190.6492462,98.75,408.6099854,45.07426834,64.28171539
1076,191.6060333,100.5999985,414.3999939,45.44565201,65.47628021
1077,193.3800659,102.8700027,414.7900085,45.59225082,65.40774536
1078,193.6990051,99.48000336,409.5299988,46.3447876,65.90711212
1079,195.2138977,102.5,409.8500061,44.9765358,65.70148468
1080,193.828537,101.8099976,411.0799866,45.18177414,66.03440857
1081,196.230484,100.3399963,413.7200012,44.80062103,65.75045013
1082,192.4730988,97.98000336,410.8099976,44.81039047,65.31961823
1083,206.4561005,98.80000305,408.5,44.73220825,65.25361633
1084,212.356308,97.91000366,408.769989,44.58560562,64.54432678
1085,213.5223694,96,405.9200134,44.48787308,64.68225098
1086,211.7782288,92.08000183,405.5400085,44.64424896,64.60344696
1087,215.9442291,88.44000244,407.3200073,44.65401459,65.20436096
1088,213.5721893,86.26999664,407.9500122,44.92767334,65.3422699
1089,208.9776306,85.87999725,409.1499939,45.6606636,65.16495514
1090,206.7949982,84.63999939,409.6199951,46.21774292,65.48018646
1091,207.4427948,86.61000061,413.980011,46.20796967,66.15006256
1092,208.3696899,84.37999725,410.9700012,46.30570221,65.71661377
1093,212.5356903,82.51999664,410.2600098,45.79749298,65.47033691
1094,213.3828583,80.37999725,407.9500122,46.37411499,65.0664444
1095,209.9144897,80.36000061,406.7999878,46.43274689,64.77091217
1096,216.0239563,78.83000183,405.1900024,46.44252777,64.3079071
1097,219.5321655,78.76000214,407.1000061,46.20796967,64.48522949
1098,220.8078766,79.86000061,405.769989,46.02227783,64.37686157
1099,225.5818329,80.08999634,411.1700134,45.98284912,64.7019577
1100,227.0568848,80.48999786,409.0799866,45.40128708,64.56403351
1101,227.9139862,80.51000214,410.519989,45.14500046,64.29805756
1102,232.199585,81.30000305,413.7900085,45.608284,64.67240143
1103,226.807724,84.69999695,418.7799988,46.09127426,64.89897156
1104,229.7677612,84.94999695,424.4400024,46.70240784,65.38168335
1105,233.6148376,84.25,434.4200134,46.72212219,64.82016754
1106,234.0334473,86.81999969,438.8999939,46.74183273,65.5983963
1107,228.113327,86.47000122,445.6099854,47.82610321,66.75098419
1108,223.4290619,86.37000275,441.8200073,47.35297012,66.42588806
1109,223.5586395,85.45999908,434.4700012,46.64326477,66.22887421
1110,223.2098236,86.08000183,435.980011,46.15041351,66.07125854
1111,224.2562866,85.5,434.0100098,45.69699478,65.71661377
1112,217.8079376,83.13999939,432.7999878,46.17998886,66.14021301
1113,216.7614899,84.68000031,433.2900085,46.56441116,66.48500061
1114,217.2299042,85.94000244,437.6600037,47.19525909,67.35189819
1115,217.5089722,86.61000061,438.3099976,47.30368423,67.52921295
1116,218.0671082,86.73999786,441.2600098,47.45153809,67.1942749
1117,221.3361053,86.19999695,438.5,47.75710678,66.88890076
1118,217.6285553,80.68000031,431.8099976,46.71226501,67.76564026
1119,219.1235504,82.01000214,428.3599854,45.99270248,68.60298157
1120,208.5690308,78.36000061,413.7200012,44.10016632,67.30264282
1121,206.5358429,79.5,422.1400146,44.51415634,67.54891205
1122,209.1171722,79.25,427.019989,44.47472763,67.75579071
1123,212.5954742,80.52999878,431.5400085,45.17457962,67.76564026
1124,215.515686,80.80000305,431.6700134,44.81972122,67.6080246
1125,217.0522919,80.62000275,430.3900146,44.21844864,67.00710297
1126,220.7840881,82.83999634,432.4100037,44.72115326,67.47995758
1127,221.2330933,84.84999847,438.4700012,44.79014969,67.92325592
1128,224.2265015,87.25,440.8399963,47.83596039,67.88385773
1129,225.5535889,85.19000244,444.5100098,48.75265884,68.13013458
1130,225.3939209,89.93000031,448.769989,49.26522446,68.40596771
1131,226.0125732,88.52999878,448.3599854,49.52151108,68.64239502
1132,225.9028168,88.98999786,446.6000061,49.72850418,68.87880707
1133,224.036911,87.23000336,449.0299988,49.50179291,68.80000305
1134,226.3418427,88.19000244,453.3800049,50.01435852,68.96747589
1135,226.6810913,87.51000214,454.4899902,50.06364059,69.30240631
1136,227.5292358,87.11000061,460.6300049,49.98478317,69.24330139
1137,225.9926147,88.19999695,464.5899963,49.13708115,69.26300049
1138,229.2853699,87.59999847,468.3699951,49.6693573,69.2039032
1139,228.4971008,88.22000122,475.9200134,49.81721497,69.73586273
1140,222.2807922,88,476.8299866,49.34408188,70.59291077
1141,220.3650055,89.01999664,478.5700073,48.98922729,71.04605103
1142,221.8916473,90.15000153,464.9200134,48.42738342,70.52394104
1143,220.3350677,89.94000244,459.4200134,47.80638885,70.38602448
1144,220.424881,100.5299988,459.6099854,48.00353241,70.70126343
1145,219.6266174,100.6299973,458.9200134,48.09224701,70.57320404
1146,222.1710358,99.26999664,453.1000061,48.40766525,69.72601318
1147,222.2807922,105,450.8699951,48.90051651,70.00183868
1148,222.0113678,123.4000015,447.6099854,49.08779526,70.48454285
1149,215.8449554,123.4700012,451.7799988,50.30020905,70.92784119
1150,216.3139038,124.7099991,456.6799927,49.88621521,70.38602448
1151,220.2053528,115.6200027,456.6000061,49.8467865,69.94273376
1152,228.3673859,112.5100021,459.7099915,50.7043457,69.46003723
1153,227.6988525,112.2799988,455.3099976,51.22676468,69.56838989
1154,225.9726563,113.0500031,454.980011,51.44361877,69.77526855
1155,226.8706818,118.4700012,454.5599976,51.76890182,69.46987915
1156,225.872879,115.8000031,452.3599854,51.89704132,69.2674408
1157,227.0203552,117.6399994,454.1799927,52.09417725,69.5056076
1158,227.2897491,118.2200012,457.4700012,52.26174927,69.94225311
1159,232.4883118,118.7699966,460.2600098,52.45888901,70.03156281
1160,225.7132263,119.9300003,457.4100037,51.98575592,69.85293579
1161,226.2819672,119,456.6700134,52.2638588,69.27735901
1162,225.174408,119.8000031,452.9599915,52.07514572,68.53308105
1163,226.3019409,122.6800003,461.9700012,52.39297867,68.64224243
1164,221.2031708,121.5500031,453.5,52.15460205,68.10636139
1165,225.2742004,120.3000031,453.7999878,52.37311554,68.43384552
1166,229.0359192,117.4700012,455.8999939,53.19749832,68.73155975
1167,228.5370026,118.3700027,454.9299927,53.17763138,68.67201233
1168,227.050293,120.5199966,460.2099915,53.88282776,69.0391922
1169,230.7920532,120.1399994,459.980011,53.90269089,69.5353775
1170,233.3364563,117.5299988,462.6799927,53.71397781,69.78347015
1171,231.2709961,117.7399979,465.6900024,55.99841309,69.81324005
1172,231.6401825,114.4700012,465.8500061,56.01827621,69.52545166
1173,234.4839325,111.7699966,464.7999878,56.37583542,69.5353775
1174,235.9606781,111.5800018,464.1600037,56.20698929,68.96972656
1175,235.342041,110.8799973,461.4500122,56.21691895,69.39644623
1176,230.2532349,110.9800034,460.6099854,55.899086,69.09873199
1177,230.0636597,111.7300034,457.769989,55.58125305,68.94988251
1178,230.9018097,110.4800034,454.0100098,55.36274338,68.4536972
1179,232.8874359,113.2600021,458.4899902,54.90585327,68.58270264
1180,233.1568451,114.0100021,454.6199951,55.30315018,67.88804626
1181,229.594696,113.9400024,454.9599915,55.21375656,67.84835052
1182,225.4138947,113.0999985,450.9200134,54.39930725,67.79872894
1183,222.4204865,111.4800034,452.1400146,55.12436676,67.77888489
1184,221.5224457,108.9700012,442.2900085,55.45213318,67.84835052
1185,222.9592896,110.9700012,445.0599976,55.7798996,68.33460999
1186,222.230896,106.6399994,468.8999939,57.47832489,67.50101471
1187,226.9804382,107.8799973,460.1300049,57.68690491,67.50101471
1188,226.7107391,110.6399994,463.4100037,57.66704178,68.23537445
1189,223.9837341,108.7300034,467.3599854,58.23318481,68.00712585
1190,223.9837341,106.3199997,466.2900085,58.31264114,67.87812042
1191,224.872757,111.4800034,468.1000061,58.77946091,68.05674744
1192,227.9693604,103.5599976,467.7000122,57.52798462,68.02697754
1193,224.7528839,99.72000122,470.2799988,57.07109833,67.41170502
1194,227.769577,101.8700027,472.2000122,56.92211914,67.92773438
1195,228.0292816,106.4000015,468.8599854,56.62414551,67.84835052
1196,228.7484894,102.1399994,468.8299866,57.11083221,68.22544861
1197,228.2690277,108.2300034,472.0599976,57.17042542,68.87049103
1198,229.6175385,113.1299973,476.5700073,58.15372467,69.37660217
1199,232.6142426,120.7600021,477.4299927,58.34243774,69.86286163
1200,234.8018341,118.5400009,478.5599976,59.18668365,70.10102844
1201,234.6719818,120.7200012,483.0799866,58.88871765,70.14072418
1202,237.0693512,118.3899994,483.019989,58.80925751,70.37889099
1203,239.3268585,117.1999969,477.3299866,59.02776718,70.15065002
1204,242.3834991,115.5899963,470.1900024,59.07743073,69.49568176
1205,242.743103,114.6999969,468.3200073,59.21648026,68.96972656
1206,242.7730713,118.8399963,470.5700073,59.61377335,69.31705475
1207,242.573288,121.7200012,470.5,59.48465347,68.55293274
1208,246.4790039,120.8199997,463.8699951,58.55101776,68.34453583
1209,247.497879,116.8499985,462.4899902,58.32257462,68.49338531
1210,246.2192841,119.3399963,461.3900146,58.19345474,67.73918915
1211,247.6876831,120.6900024,458.6300049,58.45169067,68.00712585
1212,247.8574829,120.3799973,457.8999939,58.22324753,67.84835052
1213,250.7642822,114.2200012,455.2000122,57.95507431,67.24300385
1214,253.2015991,117.3899994,455.6600037,58.12392807,67.01000214
1215,247.7775726,111.6100006,446.5899963,57.140625,66.22000122
1216,249.5156555,111.3399963,449.3399963,57.23995209,65.73999786
1217,254.2105103,113.0800018,453.2000122,58.12392807,66.02999878
1218,254.9896545,113.5100021,454.3500061,58.58081436,65.77999878
1219,257.9164429,114.1299973,458.6600037,59.4449234,66.09999847
1220,258.7355042,113.7699966,459.0799866,59.57404327,66.22000122
1221,255.3092957,113.9499969,456.5100098,59.2065506,66.04000092
1222,251.9230194,112.5800018,452.1600037,58.78939056,65.31999969
1223,250.1449738,113.9499969,453.2799988,58.79932404,65.58999634
1224,243.5821991,115.3000031,451.1000061,58.70000076,65.30000305
1225,243.0927277,115.7900009,453.5599976,58.86000061,65.40000153
1226,244.7309265,120.2099991,451.4100037,58.77000046,64.36000061
1227,241.9440002,126.8799973,452.9200134,58.93000031,64.26999664
1228,242.4334412,122.1500015,451.8399963,59.20000076,64.51999664
1229,236.5898743,122.8499985,442.6600037,58.74000168,63.29000092
1230,234.1425629,113.7399979,443.9100037,58.75999832,63.84999847
1231,233.0237885,112.4300003,450.0299988,59.33000183,64.26999664
1232,237.6087494,113.6699982,458.5100098,59.97999954,64
1233,228.0093079,112.7600021,462.8099976,59.81999969,64.56999969
1234,229.727417,111.9300003,467.9500122,60.22999954,64.91999817
1235,222.3954773,117.25,468.5700073,61.02999878,65.06999969
1236,223.5841675,115.1699982,460.5100098,61.63000107,64.87000275
1237,223.4143677,122.1200027,459.8299866,62.22999954,65.25
1238,222.5353241,118.1399994,463.1900024,62.22999954,65.51000214
1239,229.6075439,119.75,474.7000122,59.08000183,67.30000305
1240,237.9983215,124.3000031,469.9700012,59.43000031,66.18000031
1241,239.0971222,121.1600037,469.2600098,59.54999924,66.41000366
1242,237.3290558,120.8799973,472.3500061,60.47000122,67
1243,235.7408142,123.7699966,468.6700134,60.59999847,66.36000061
1244,227.7595825,119.8199997,464.6099854,61.04000092,66.44999695
1245,232.5443268,117.1399994,467.4899902,61.34000015,65.69999695
1246,232.2146912,122.3799973,473.730011,62.56999969,65.87999725
1247,232.9638672,119.9400024,477.2200012,62.27000046,66.30000305
1248,227.3800049,117.6100006,472.7399902,62.27000046,66.33000183
1249,227.6499939,115.2699966,470.1700134,62.81000137,66.55000305
1250,232.6199951,114.5,472.6099854,62.43000031,67.44000244
1251,236.8699951,111.8899994,471.730011,62.52999878,67.73000336
1252,241.5299988,122.7799988,480.4899902,63.84000015,68.44000244
1253,244.6000061,119.8300018,479.5899963,64.87000275,67.62999725
1254,244.4700012,122.75,482.8200073,64.58999634,67.91000366
1255,244.8699951,119.5800018,483.769989,64.83999634,68.51000214
1256,245.8300018,117.8799973,481.7999878,64.66999817,68.86000061
1257,245.5500031,120.0100021,478.7399902,63.97999954,69.93000031